https://ctrtglobal.com/pianifica/e-Doccondiviso.html,opened_ok,continue_monitoring,0.972,0.114,,suspicious,1,high,login_intent,6.332,1.1,196.2,5716.2,1,phishing
https://imadlohwak1787030968630.1250059.misitiohostgator.com/dbbs/,opened_ok,continue_monitoring,0.972,0.114,,suspicious,1,high,login_intent,4.902,1.3,192.5,306.5,1,phishing
https://www.simplify-am.com/sitelocker/roma2.php,opened_ok,continue_monitoring,1.0,0.0,,safe,1,high,no_suspicious_signals_detected,11.529,1.3,198.5,658.1,1,phishing
https://poormichigan.org,opened_ok,continue_monitoring,0.972,0.114,,suspicious,1,high,login_intent,12.563,1.4,193.2,1215.8,1,phishing
https://beacons.ai/getprolicense,opened_ok,continue_monitoring,0.967,0.167,,suspicious,1,high,external_script_count,5.765,2.2,194.5,1460.4,1,phishing
https://bit.ly/4pZsTwV,opened_ok,continue_monitoring,0.896,0.217,,suspicious,1,high,url_shortener_host,8.843,4.2,199.7,2084.0,1,phishing
https://bit.ly/3RUiSV3,opened_ok,continue_monitoring,0.896,0.217,,suspicious,1,high,url_shortener_host,9.631,3.3,197.0,966.6,1,phishing
https://bio.site/cuscatlasv,opened_ok,continue_monitoring,1.0,0.0,,safe,1,high,no_suspicious_signals_detected,10.794,1.1,193.4,5751.4,1,phishing
https://linktr.ee/welipac110,opened_ok,continue_monitoring,0.844,0.231,,suspicious,1,medium,unknown_tld;login_intent;external_script_count,10.734,1.2,196.9,2243.6,1,phishing
https://linktr.ee/Newmaiiiling,opened_ok,continue_monitoring,0.828,0.276,,suspicious,1,medium,unknown_tld;hidden_elements_count;external_script_count,8.881,1.1,223.1,2199.7,1,phishing
https://linktr.ee/xfinitiyy,opened_ok,continue_monitoring,0.844,0.231,,suspicious,1,medium,unknown_tld;login_intent;external_script_count,5.757,1.1,201.9,653.9,1,phishing
https://linktr.ee/xfkm001,opened_ok,continue_monitoring,0.844,0.231,,suspicious,1,medium,unknown_tld;login_intent;external_script_count,7.876,1.1,199.7,1695.1,1,phishing
https://linktr.ee/tobenam740,opened_ok,continue_monitoring,0.844,0.231,,suspicious,1,medium,unknown_tld;login_intent;external_script_count,9.226,0.9,198.3,1712.6,1,phishing
https://linktr.ee/seciv84471,opened_ok,continue_monitoring,0.844,0.231,,suspicious,1,medium,unknown_tld;login_intent;external_script_count,3.11,1.2,203.8,1677.0,1,phishing
https://linktr.ee/jeyiwec929,opened_ok,continue_monitoring,0.844,0.231,,suspicious,1,medium,unknown_tld;login_intent;external_script_count,8.099,1.1,199.8,785.6,1,phishing
https://linktr.ee/r1undamex#573643513,opened_ok,continue_monitoring,0.844,0.231,,suspicious,1,medium,unknown_tld;login_intent;external_script_count,5.915,1.1,198.5,1309.8,1,phishing